{
    "usm.web.swing1":{
        "sounds":["suit/usm.web.swing1"],
        "category":"player"
    },
    "usm.web.swing2":{
        "sounds":["suit/usm.web.swing2"],
        "category":"player"
    },
    "usm.web.swing3":{
        "sounds":["suit/usm.web.swing3"],
        "category":"player"
    },
    "usm.web.zip1":{
        "sounds":["suit/usm.web.zip1"],
        "category":"player"
    },
    "usm.web.zip2":{
        "sounds":["suit/usm.web.zip2"],
        "category":"player"
    }
}